文章,題目,選項
相聲瓦舍在禮拜二參與演出世新大學藝文之夜活動本質主題為3片芭樂是相聲瓦舍年度大戲沙士芭樂的濃縮版團長馮翊綱表示本斯劇本主要為了紀念英國劇作家莎士比亞逝世400週年而坐影子殺巨城的劇本的重要素材,本次活動主題為,13片芭樂23片西瓜三三片蛋糕是散片光碟
相聲瓦舍在禮拜二參與演出世新大學藝文之夜活動本質主題為3片芭樂是相聲瓦舍年度大戲沙士芭樂的濃縮版團長馮翊綱表示本斯劇本主要為了紀念英國劇作家莎士比亞逝世400週年而坐影子殺巨城的劇本的重要素材,本次劇本主要為了紀念英國劇作家的誰是世400週年而作,一哥倫布爾莎士比亞莫札特梵谷
主辦單位世新大學通識中心主任李弓形表示學生長激素西方文化追求時尚但當他們友誼邀請相聲瓦舍時還是受到同學熱烈支持他說與中華文化固有的傳統我覺得還是有他的品味跟他的鑑賞能力世新大學新聞學系學生李政經看完表演後表示他都倒了一些關於之前的著作的一些關聯性然後邊的這齣戲我覺得很精彩相聲瓦舍在台上幽默的呈現方式動了全場也帶給世新大學師生一場難忘的藝文饗宴,現在學生常接觸什麼文化,動漫文化二中校文化3西方文化是傳統文化
主辦單位世新大學通識中心主任李功勤表示學生長激素西方文化追求時尚但當他們友誼邀請相聲瓦舍時還是受到同學熱烈支持他說與中華文化固有的傳統我覺得還是有他的品味跟他的鑑賞能力世新大學新聞學系學生李政經看完表演後表示他都倒了一些關於之前的著作的一些關聯性然後邊的這齣戲我覺得很精彩相聲瓦舍在台上幽默的呈現方式動了全場也帶給世新大學師生一場難忘的藝文饗宴,相聲瓦舍在台上的呈現方式為何,1無聊2自由3困惑死幽默
政治大學服務性社團愛愛會於21日晚間邀請台灣芒草心協會創辦人張獻忠道場演講也請個案阿寬現身分享神明故事發現中提到目前台灣的街友除了面鄰居住就業乙級社會福利不健全的問題外外界的刻板印像也是他們急需克服的處境,下列何者是目前台灣的街友面臨到的問題,意外界的刻板印象2000太多不知道怎麼花3想買新衣服但沒空是睡眠不足8小時
政治大學服務性社團愛愛會於21日晚間邀請台灣芒草心協會創辦人張獻忠道場演講也請個案阿寬現身分享神明故事發現中提到目前台灣的街友除了面鄰居住就業乙級社會福利不健全的問題外外界的刻板印像也是他們急需克服的處境,台灣芒草心協會目前通過什麼樣的方式出境街友與社會對話,一發放街友就讀經2培養社區導覽員三等報宣傳四購買電視廣告
困的人生歷經各種波折直到遇見芒草心協會他表示,阿寬覺得什麼事情是蠻重要的,一反對抗12上下對立三支持陪伴是放任不管
困的人生歷經各種波折直到遇見芒草心協會他表示,愛愛會社員陳玄恩認為最珍貴的是什麼,一家庭的溫暖二社會的關注3金城的往來是人跟人之間的交流
指導老師吳湘婷提到設計造福更多有需要的人,過程中最需費心思考的是什麼,一如何花費最少的金錢完成發明2如何快速的將發明的物品傳播出去3如何將抽象的設計理念清楚傳達給他人是如何讓大家知道發明者的英明睿智
指導老師吳湘婷提到設計造福更多有需要的人,18名目前進入什麼階段,衣櫥不夠想而設計研發三量產發售似於廠商洽談
獨立記者劉致昕17號受政治大學外交學系邀請執政大演講透過自己在歐洲採訪那名的經歷著說敘利亞人流亡的真實故事講座中他彈到一群敘利亞人會定期待著來自各國的人認識柏林芥佑柏林的例子來談敘利亞的政治悲劇參與講座地阿拉伯語文學系陳映竹說我很難想像一個敘利亞難民會願意去碰到傷口然後跟大家說這個事情,劉致昕是一位,一獨立記者大學教授3消防員是公司總裁
獨立記者劉致昕17號受政治大學外交學系邀請執政大演講透過自己在歐洲採訪那名的經歷著說敘利亞人流亡的真實故事講座中他彈到一群敘利亞人會定期待著來自各國的人認識柏林芥佑柏林的例子來談敘利亞的政治悲劇參與講座地阿拉伯語文學系陳映竹說我很難想像一個敘利亞難民會願意去碰到傷口然後跟大家說這個事情,講座中談到一群敘利亞人會定期待著來自各國的人認識哪裡,一倫敦二魔03巴黎世布拉格
透過這些故事留著新希望讓學生理解敘利亞人的處境與感受他們先受自己的國家迫害流亡之塔果後也備受其事由之心進一步提到他希望大家可以理解自己任何帶有偏見的行為都有可能把社會上的一群人比到邊緣如同敘利亞人所遭受的苦難,劉志興希望讓學生理解誰的處境與感受,一英國人2日本人參鬚利亞人是布吉納法索人
透過這些故事留著新希望讓學生理解敘利亞人的處境與感受他們先受自己的國家迫害流亡之塔果後也備受其事由之心進一步提到他希望大家可以理解自己任何帶有偏見的行為都有可能把社會上的一群人比到邊緣如同敘利亞人所遭受的苦難,從什麼時候以來難民潮帶給整個世界挑戰,1美國獨立戰爭2美國南北戰爭31次世界大戰是二次世界大戰
世新大學廣播電視電影學系畢業成果展甘苦談系列講座昨天拉開序幕第一場講座邀請本次金馬獎入圍六項的電影再見瓦城導演趙德胤分享自身的人生經歷以及製作電影的心路歷程世新大學廣播電視電影學系畢業成果展總召張詩敏分享舉辦系列講座的原因他們可以學習到的經驗然後可以把這些精液用在他們的鼻子上面,再見瓦城導演是誰,1趙德胤2趙匡胤3趙樹海是趙又廷
世新大學廣播電視電影學系畢業成果展甘苦談系列講座昨天拉開序幕第一場講座邀請本次金馬獎入圍六項的電影再見瓦城導演趙德胤分享自身的人生經歷以及製作電影的心路歷程世新大學廣播電視電影學系畢業成果展總召張詩敏分享舉辦系列講座的原因他們可以學習到的經驗然後可以把這些精液用在他們的鼻子上面,世新大學廣播電視學系畢業成果展名稱為何,一七夜怪談2甘苦談3談笑風生是怪力亂神之塔
想說胸導演分享許多小時候在緬甸成長的經驗並說明如何將這些回憶融入電影城現在觀眾眼前他也給對未來想成為電影工作者的同學建議他認為不能一直等資源來自助你拍攝作品對電影的熱情和夢想才是最重要的世新大學學生謝同學發表參與講座的心得一些拍電影的技巧收購漫大廣電畢展昭彰師蜜月期待本次講座能讓同學更加確定自己對未來的方向,講座鐘導演分享許多小時候在哪裡成長的經驗,1新加坡2中國3免電視美國
想說胸導演分享許多小時候在緬甸成長的經驗並說明如何將這些回憶融入電影城現在觀眾眼前他也給對未來想成為電影工作者的同學建議他認為不能一直等資源來自助你拍攝作品對電影的熱情和夢想才是最重要的世新大學學生謝同學發表參與講座的心得一些拍電影的技巧收購漫大廣電畢展昭彰師蜜月期待本次講座能讓同學更加確定自己對未來的方向,導演認為不能一直等資源來之助你拍攝作品對電影的什麼才是最重要的,一收入和支出2睡眠和休息3家人和朋友是熱情和夢想
台北假日飯店與地方社會福利團體吸收舉辦感恩節義賣活動今年邁入第八屆11月1號到24號的義賣晚會均有愛心松高的義賣活動晚會當天將提供獨居長輩雨時晴兒童免費用餐飲販售企業真正的商品與票券嘉義賣金額全數捐贈給深坑地區社福團體對於籌辦過程中遇到的困難台北假日飯店公關部經理劉真誠說明他表示感謝生病失智慧與各方企業的協助使活動得以順利進行,感恩節義賣活動邁入第幾屆,1第八屆二第五屆3第18屆是第80屆
台北假日飯店與地方社會福利團體吸收舉辦感恩節義賣活動今年邁入第八屆11月1號到24號的義賣晚會均有愛心松高的義賣活動晚會當天將提供獨居長輩雨時晴兒童免費用餐飲販售企業真正的商品與票券嘉義賣金額全數捐贈給深坑地區社福團體對於籌辦過程中遇到的困難台北假日飯店公關部經理劉真誠說明他表示感謝生病失智慧與各方企業的協助使活動得以順利進行,活動義賣金額將全數捐贈給哪個地區的社福團體,一新店地區耳深坑地區三北投地區是內湖地區
只是為華山基金會參與活動的第4年基金會的技社工說他表示深坑較缺乏幫助獨居長輩的人收與資源因此十分肯定飯店的用心深坑地方企業與團體協力合作探望藉由每年的感恩節義賣活動長期建立對弱勢團體的關懷,此次為華山基金會參與活動的第幾年,第一年2第10年3第四年是第三年
只是為華山基金會參與活動的第4年基金會的技社工說他表示深坑較缺乏幫助獨居長輩的人收與資源因此十分肯定飯店的用心深坑地方企業與團體協力合作探望藉由每年的感恩節義賣活動長期建立對弱勢團體的關懷,深坑地方企業與團體協力合作和望藉由每年的感恩節以買活動長期建立對誰的關懷,國高中生2政府官員三富裕人家是弱勢團體
之前世新學生會在學生議會正式解凍紀念帽T預算錢便開始宣傳活動另一會認為不當前的學生會並由球帽T價格漲至500元發後來達成共識感冒梯採浮動成本製價格為550元之星學生專題好認為一會還不知道學生會與廠商接洽狀況做譴責學生會不太差當學生會也因身跟議會溝通好地方的協議結果他認為,世新學生議會要求帽T價格降為多少元,15百元2 600元3 700元是800元
之前世新學生會在學生議會正式解凍紀念帽T預算錢便開始宣傳活動另一會認為不當前的學生會並由球帽T價格漲至500元發後來達成共識感冒梯採浮動成本製價格為550元之星學生專題好認為一會還不知道學生會與廠商接洽狀況做譴責學生會不太差當學生會也因身跟議會溝通好地方的協議結果他認為,雙方後來達成共識講帽T採什麼制度,固定成本製2浮動成本製3雙方滿意識是先搶先贏制
學生議會議長羅紹齊表示雙方都各退一步解決爭議,學生議會議長希望往後學生會能更重視什麼,1公平正義2長幼有序參行政程序是價格高低
學生議會議長羅紹齊表示雙方都各退一步解決爭議,世新學生會與學生議會都是站在什麼立場,一老師全12政府權益三個人權益是學生權益
本次全部學院舉辦的講座邀請到奧美互動行銷張志豪總經理世紀奧美公關顧問張裕昌副總經理亞洲指標數位行銷顧問李榮章總經理單位驗證講師分享自身經驗說明目前廣告公關業該如何與數位時代結鬼裝置後解釋學生應該注重虛實整合與左右腦平衡別把自己侷限在人文學科領域之中人要多了解現代科技並建議學生多多了解產業及技術的變化與需求,本次講座由哪個學院舉辦,一傳播學院二教育學院三商學院室外語學院
本次全部學院舉辦的講座邀請到奧美互動行銷張志豪總經理世紀奧美公關顧問張裕昌副總經理亞洲指標數位行銷顧問李榮章總經理單位驗證講師分享自身經驗說明目前廣告公關業該如何與數位時代結鬼裝置後解釋學生應該注重虛實整合與左右腦平衡別把自己侷限在人文學科領域之中人要多了解現代科技並建議學生多多了解產業及技術的變化與需求,總共要請幾位講師,1 2衛2 3位3 5位40位
現場聽眾全員2章會生認為自己對廣告解並不了解所以聽完業界人才需求後覺得很驚訝,現場聽眾傳院2張慧萱認為自己對廣告誡怎麼樣,一不喜歡2不開心3不了解是不討厭
現場聽眾全員2章會生認為自己對廣告解並不了解所以聽完業界人才需求後覺得很驚訝,講座結束後的氣氛如何,冷冷清清二沒人在一3天氣很冷死十分熱絡
為配合為相異數記住院台北極永安藝文館表演36坊12號共同主辦優人神鼓擊鼓體驗演出吸引不同年齡層民眾踴躍參加當天參與民眾以父母和孩子吃多朋友結伴參加的靈小姐發表機固體驗感想起來表演藝術表演雞同鴨講就不僅是他們必學的優人神鼓曲目也是和民眾入門欣賞,當天參與民眾以誰居多,以父母和孩子二兄弟和姊妹老師和學生是男友和女友
為配合為相異數記住院台北極永安藝文館表演36坊12號共同主辦優人神鼓擊鼓體驗演出吸引不同年齡層民眾踴躍參加當天參與民眾以父母和孩子吃多朋友結伴參加的靈小姐發表機固體驗感想起來表演藝術表演雞同鴨講就不僅是他們必學的優人神鼓曲目也是和民眾入門欣賞,本次活動是為了配合什麼,依政大藝術季2文山藝術季3文山包種祭祀木柵藝術季
於國內其他鼓藝表演不同優人神鼓演出於訓練行事結合打拳打坐打鼓音寺永安藝文館表演36房營業推廣主任鄭源磁頭讀活動與民眾的關係所以我們希望說他們能夠藉由這樣子的一個做然後有演出可以看然後之後還可以來體驗看看這樣子一個不同的打鼓的方式我想這個字最直接讓他們去接觸皮膚的藥方式透過講座演出體驗三合一名著認識優人神鼓表演藝術精髓,優人神鼓演出與訓練方式沒有結合什麼,一打拳二打坐三打且是打鼓
於國內其他鼓藝表演不同優人神鼓演出於訓練行事結合打拳打坐打鼓音寺永安藝文館表演36房營業推廣主任鄭源磁頭讀活動與民眾的關係所以我們希望說他們能夠藉由這樣子的一個做然後有演出可以看然後之後還可以來體驗看看這樣子一個不同的打鼓的方式我想這個字最直接讓他們去接觸皮膚的藥方式透過講座演出體驗三合一名著認識優人神鼓表演藝術精髓,永安藝文館表演36房營業推廣主任甄元時期盼透過什麼的三合一讓民眾認識優人神鼓表演藝術精髓,巧克力草莓香草2洗臉刷牙吹頭髮三吃飯睡覺打東東勢講座眼初體驗
2016新店西遊記上週六愉碧潭風景區及陽光運動公園盛大展開有別於去年聚焦碧潭一代今年則放眼與與新店區域的新店溪野多增加地圖工作坊的成果展現吃票選活動地圖工作坊的成果展現市社區探險隊深度探訪新店人文自然後手製程的主題地圖工作坊學園崇光女中學生將成3分享參與工作坊後對地方及新店區地區有更深入的認識,2016新店溪遊記載碧潭風景區即哪裡展開,陽光運動公園大安森林公園羅東運動公園是紐約中央公園
2016新店西遊記上週六愉碧潭風景區及陽光運動公園盛大展開有別於去年聚焦碧潭一代今年則放眼與與新店區域的新店溪野多增加地圖工作坊的成果展現吃票選活動地圖工作坊的成果展現市社區探險隊深度探訪新店人文自然後手製程的主題地圖工作坊學園崇光女中學生將成3分享參與工作坊後對地方及新店區地區有更深入的認識,與新店區域的溪是哪一條,一景美溪新店溪三著水溪是八掌溪
新店屈曲獎林鴻元表示來做成果發表呈現之後也會把他說集成冊活動腳踏車藝術踩街活動以及市集中的微型藝術展等更為新店西遊記整天多遠的面貌,新店區區長林煌源表示會利用這個活動的機會來做一個成果的發表與呈現之後也會把它如何,民眾參與二再次舉辦3收集成測試拍攝影片
新店屈曲獎林鴻元表示來做成果發表呈現之後也會把他說集成冊活動腳踏車藝術踩街活動以及市集中的微型藝術展等更為新店西遊記整天多遠的面貌,江新店溪自然生態融入藝術裝置的是什麼活動,一大胃王吃熱狗活動2跳火圈馬戲團活動3彩繪模型車活動式腳踏車藝術踩街
普渡現場還準備一連串闖關遊戲小朋友幾點後可以兌換禮品開到眼前如此多的鮮奶罐子左手遊遊說,小朋友要如何兌換禮品,花錢二跳舞3幾點死猜拳
普渡現場還準備一連串闖關遊戲小朋友幾點後可以兌換禮品開到眼前如此多的鮮奶罐子左手遊遊說,活動總監李小玲希望能藉由什麼樣的方式將認明鮮乳標章的觀念向下紮根,1大而化之2過目不忘單強硬灌輸式與教於樂
今天生物整治大學國際經營與貿易學系舉辦跨太平洋夥伴協定食品安全與動植物防疫檢疫措施研討會研討會期間學者政府相關單位以及學生進行議題的座談園預定參與抽痰的立法委員應政府召開臨時會議無法出席與談人表示相當可惜但縣長討論十分熱絡生為研討會負責任的國貿系副教授楊培侃很滿意這次的交流並認為背景不一樣的看法就是我們吃餅乾裡面的風險溝通成重要一環工作坊與課程開設等方式引起學生對一體的興趣,跨太平洋夥伴協定食品安全與動植物防疫檢疫措施研討會由誰舉辦,1政治大學國際經營與貿易學系二政治大學企業管理學系3政治大學財務金融學係是政治大學教育學系
今天生物整治大學國際經營與貿易學系舉辦跨太平洋夥伴協定食品安全與動植物防疫檢疫措施研討會研討會期間學者政府相關單位以及學生進行議題的座談園預定參與抽痰的立法委員應政府召開臨時會議無法出席與談人表示相當可惜但縣長討論十分熱絡生為研討會負責任的國貿系副教授楊培侃很滿意這次的交流並認為背景不一樣的看法就是我們吃餅乾裡面的風險溝通成重要一環工作坊與課程開設等方式引起學生對一體的興趣,原預訂參與座談的立法委員因為什麼原因無法出席,自己不想來2政府召開臨時會議參加裝小孩要顧是雨下太大塞車
新店安昌里浪漫貴族公車站上車地點和一旁騎樓地面落差達42公分厚車民眾靈小姐提到自身經驗表示還需要倚靠外人夫才得以爬上騎樓當女主教不捨看到長輩如此冒險新北市養護工程處建議搭建階梯減緩高度落差單車的體育招到養工處回絕,新店安昌里浪漫貴族公車站上車地點和一旁騎樓路面落差達多少公分,14 12 25 12 3 24 4 22
新店安昌里浪漫貴族公車站上車地點和一旁騎樓地面落差達42公分厚車民眾靈小姐提到自身經驗表示還需要倚靠外人夫才得以爬上騎樓當女主教不捨看到長輩如此冒險新北市養護工程處建議搭建階梯減緩高度落差單車的體育招到養工處回絕,當地裡長李淑嬌不捨看到長輩如此冒險分校新北市養護工程處建議搭建什麼,1.7二階梯三電扶梯是鐵梯
呂淑嬌描述養工處的回應方向問題如果無法解決年關將近界時鐘多人潮湧入財買年貨難保不會再有民眾受傷,新北市政府前來會看幾次,一一次25次3 4次40次
呂淑嬌描述養工處的回應方向問題如果無法解決年關將近界時鐘多人潮湧入財買年貨難保不會再有民眾受傷,新店安昌里浪漫貴族公車站是一個什麼,一火車站2終點站3停靠站4轉運站
為何11月11號的正捷台北市政府地政局土地開發總隊和政大合作在政大肚賢橋東側設置了全長95公尺的簡易機現場鄭大師第一所設之簡易機現場的大學歷史主辦單位臺北市地政局土地開發總隊尾張五總隊長認為學生是社會的動量他說如果覺得確的觀念正確的使用對我們政府機關做事獲得他投入產業間都有非常大的助益,在政大度賢橋東側設置了全長多長的簡易機現場,一95公尺85公尺55公尺至59公尺
為何11月11號的正捷台北市政府地政局土地開發總隊和政大合作在政大肚賢橋東側設置了全長95公尺的簡易機現場鄭大師第一所設之簡易機現場的大學歷史主辦單位臺北市地政局土地開發總隊尾張五總隊長認為學生是社會的動量他說如果覺得確的觀念正確的使用對我們政府機關做事獲得他投入產業間都有非常大的助益,政大師第幾所設置簡易基線場的大學,1的10首爾第一所3D無所賜的100所
政大地政學系主任臨時信任危機現場地設置除了讓學生更加確保儀器使用的精確度外不只開放給政大學生使用而已他說我們的對決定要更多跟他們學習的機會,依現場的數字除了開放給政大學生使用也提供誰使用,一台北市議員隔壁老王3外面的專業人士是外面的高中生
政大地政學系主任臨時信任危機現場地設置除了讓學生更加確保儀器使用的精確度外不只開放給政大學生使用而已他說我們的對決定要更多跟他們學習的機會,啟用典禮盛要請北市府地政局局長李得全等來賓進行什麼活動,一機現場畢業醫事21現場頒獎典禮現場流水席四街現場揭牌儀式
我去台北市的交通政策大多採用人車分道的思維許多交通要道的路口都會設置人行陸橋以為吃馬路上的車流順暢台北市新工處規劃設計科范振傑說明可能是啊還有菜籃族嬰兒車的民眾他們如果要用用人行陸橋通行的話實在是很不方便因此近年來市政府持續推動人本交通政策創造更友善的環境,過去台北市的交通政策大多採用怎麼樣的思維,一人車分道人車共道3隨便亂走死都不准走
我去台北市的交通政策大多採用人車分道的思維許多交通要道的路口都會設置人行陸橋以為吃馬路上的車流順暢台北市新工處規劃設計科范振傑說明可能是啊還有菜籃族嬰兒車的民眾他們如果要用用人行陸橋通行的話實在是很不方便因此近年來市政府持續推動人本交通政策創造更友善的環境,近年來市政府持續推動怎麼樣的交通政策,沒有交通政策2人本交通政策三本人交通政策是車本交通政策
在與行人通行安全為前提的考量下市政府逐漸採用陸橋與人行穿越線並存的方式但也使得陸橋使用率日間低落附近民眾蔡小姐認為要看到這裡都有一個那個東西都開車對於拆除陸橋他表示肯定目前木柵國小前方路口已有設置交通號誌與人行穿越線行人在通行安全上並不會受到影響,附近民眾蔡小姐對於拆除陸橋表示什麼,一反對2每一件3肯定是否定
在與行人通行安全為前提的考量下市政府逐漸採用陸橋與人行穿越線並存的方式但也使得陸橋使用率日間低落附近民眾蔡小姐認為要看到這裡都有一個那個東西都開車對於拆除陸橋他表示肯定目前木柵國小前方路口已有設置交通號誌與人行穿越線行人在通行安全上並不會受到影響,目前哪裡的前方路口已有設置交通號誌與人行穿越線,木柵動物園二木柵高工3木柵國中木柵國小
新北市山岳攝影協會10月2號到10月22號與新北市立圖書館新店分館展出第18屆會員聯展有美味會員挑選最好的兩張作品參展展出內容多元讓每位成員展現自己的特色是連戰已經舉辦多年新北市山岳攝影協會活動副組長陳淵海說明舉辦聯展的動機手機忘記引起肺不同號碼要做魚會垃圾多壓力那你看一看的話你就互相切磋麼,每位會員可以挑選最好的幾張攝影作品參展,1 2章23章35章40章
新北市山岳攝影協會10月2號到10月22號與新北市立圖書館新店分館展出第18屆會員聯展有每位會員挑選最好的兩張作品參展展出內容多元讓每位成員展現自己的特色是連戰已經舉辦多年新北市山岳攝影協會活動副組長陳淵海說明舉辦聯展的動機手機忘記引起肺不同號碼要做魚會垃圾多壓力那你看一看的話你就互相切磋麼,新北市山岳攝影協會在哪裡展出第18屆會員聯展,1新北市立圖書館木柵分館2新北市立圖書館新店分館新北市立圖書館三重分館新北市立圖書館烏來分館
他也表示目前人講遇到最大的挑戰市場的問題因為心電圖書館的場地有許多團體借用必須間隔兩年才能再申請所以每年協會都為了尋找場地而絞盡腦汁成淵海也給喜歡攝影的學生建議你要回問為什麼他為什麼這樣拍很多看科學習班展出各種風格的攝影作品希望能讓喜愛攝影的人交流學習,目前連轉遇到最大的挑戰是什麼,一時間問題2天氣問題3場的問題是人事問題
他也表示目前人講遇到最大的挑戰市場的問題因為心電圖書館的場地有許多團體借用必須間隔兩年才能再申請所以每年協會都為了尋找場地而絞盡腦汁成淵海也給喜歡攝影的學生建議你要回問為什麼他為什麼這樣拍很多看科學習班展出各種風格的攝影作品希望能讓喜愛攝影的人交流學習,新店圖書館必須間隔多久才能再申請借用,一兩週二兩天三兩個月是兩年
台北市立動物園的兩棲爬蟲館舉辦娃線3身美麗共生台北市瓦特展展區分為四區展食動物園的保育成果並呼籲民眾重視台北赤蛙兵委問題兩棲爬蟲館館長女生又強調物種保育的急迫性保育研究的曠日廢時能夠縮短的相關研究期程讓不能夠在一點的回到野外工作持續多年金兩年更有雙北市政府的支持此今年的保育有突破性的進展,台北赤蛙特展的展區分為幾區,14區25區30區死東區
台北市立動物園的兩棲爬蟲館舉辦娃線3身美麗共生台北市瓦特展展區分為四區展食動物園的保育成果並呼籲民眾重視台北赤蛙兵委問題兩棲爬蟲館館長女生又強調物種保育的急迫性保育研究的曠日廢時能夠縮短的相關研究期程讓不能夠在一點的回到野外工作持續多年金兩年更有雙北市政府的支持此今年的保育有突破性的進展,台北赤蛙的保育工作近兩年獲得誰的支持,一台北市政府雙北市政府高雄市政府中央政府
除了專業團隊的努力外掛了研究專家國立東華大學教授楊逸儒建議生態保育可以從我們生活中做其他舉例受到很大的破壞還有一個農藥的污染可以用自己消費者的力量來幫助他們我們就可以多採購一些有的沒有很多一個產物質之影響農民對待台北赤蛙的態度進而調整出良善的生態農法台北赤蛙特展其實身分在了解釋襪後事者多關心生態未來潮生活生產生態的三生永續發展邁進,赤蛙受到的影響除了棲地的破壞還有什麼,一食物的不足2天的的攻擊三農藥的污染是人類的傷害
除了專業團隊的努力外掛了研究專家國立東華大學教授楊逸儒建議生態保育可以從我們生活中做其他舉例受到很大的破壞還有一個農藥的污染可以用自己消費者的力量來幫助他們我們就可以多採購一些有的沒有很多一個產物質之影響農民對待台北赤蛙的態度進而調整出良善的生態農法台北赤蛙特展其實身分在了解釋襪後事者多關心生態未來潮生活生產生態的三生永續發展邁進,下列何者不是三聲,一生活二生產三勝肽是什麼
關心中國民主化系列講座粉刺油中國呂俊德國學者彭濤擔任組長透過中國的社會政治經濟發展狀況以及和其他國家的關係來看中國民主化的前進給人們應進一步關注哪些問題碰她坦言他在德國的生活不認識民主還是社會福利都與中國有很大的對比他來台交流的經驗也能感受到和台灣人相處的自由與台灣民主逐漸成熟更表示對於中國的民主發展感到不太樂觀他說,關心中國民主化系列講座本次由誰擔任主講,彭濤二海濤三波濤是澎恰恰
關心中國民主化系列講座粉刺油中國呂俊德國學者彭濤擔任組長透過中國的社會政治經濟發展狀況以及和其他國家的關係來看中國民主化的前進給人們應進一步關注哪些問題碰她坦言他在德國的生活不認識民主還是社會福利都與中國有很大的對比他來台交流的經驗也能感受到和台灣人相處的自由與台灣民主逐漸成熟更表示對於中國的民主發展感到不太樂觀他說,洪濤對於中國的民主發展感到如何,一不太開心而不太樂觀三不太喜歡是不太滿意
現場參與聽中國發所獸醫的林威豪表示這次講座中他最大的收穫是對於中國民主化方向的認知以及兩岸三地的關係,下列何者是現場參與聽眾林威豪在這次講座中最大的收穫,依據中國現代化方向的認知2對於中國自由化方向的認知三對於中國民主化方向的認知是對於中國本土化方向的認知
現場參與聽中國發所獸醫的林威豪表示這次講座中他最大的收穫是對於中國民主化方向的認知以及兩岸三地的關係,林薇後覺得彭老師的論證如何,一隍廟二很正常三很正派是很正確
2016年於政治大學舉辦之理律盃比賽政大參賽隊伍拿下亞軍蘇容並贏得後續代表台灣赴北京清華大學觀摩大陸冠軍賽以及參與研討會資格14比賽衝到5個月的準備法律系學生留核心表示,政大賽隊伍在此次比賽準備期為多久,15個月6個月3 7個月是8個月
2016年於政治大學舉辦之理律盃比賽政大參賽隊伍拿下亞軍蘇容並贏得後續代表台灣赴北京清華大學觀摩大陸冠軍賽以及參與研討會資格14比賽衝到5個月的準備法律系學生留核心表示,在理律盃比賽之中村大賽隊伍拿下第幾名,衣冠軍2亞軍3季軍4點軍
14比賽題目跨足多領域另外此次辯論隊也有製科所學生加入隊伍發揮個資專長面對比賽如何伸縮人也期待接下來到北京與大陸學生交流能獲得更多的收穫,本次辯論隊除了法律系還有什麼樣的學生加入隊伍,1111學索爾心理所製科所是法律所
14比賽題目跨足多領域另外此次辯論隊也有製科所學生加入隊伍發揮個資專長面對比賽如何伸縮人也期待接下來到北京與大陸學生交流能獲得更多的收穫,桃園本接下來會到哪裡與大陸學生交流,1天津2上海南京市北京
抗議清華大學新竹教育大學併校程序問題請把前任學生會會長許光城10月31號全部絕食抗議並公開發佈署球同時大學法改革陣線發起連署要求清大校長正面回應學生訴求政治大學野火陣線隨後賽先加入連署吳政憲前任社長楊志賢表示,清大前任學生會會長徐光成在什麼時候宣布絕食抗議並公開發佈署球,1 10月31號2 11月30號3 12月31號40月30號
抗議清華大學新竹教育大學併校程序問題請把前任學生會會長許光城10月31號全部絕食抗議並公開發佈署球同時大學法改革陣線發起連署要求清大校長正面回應學生訴求政治大學野火陣線隨後賽先加入連署吳政憲前任社長楊志賢表示,野火陣線前任社長是誰,楊宗緯楊子賢三陽子14林子賢
楊子賢說從清大校慶時效有衝場抗議就已經關注事件發展他說好溝通以及學生會會長租學生配套措施的對程序正義的質疑野火陣線也反觀政大希望禁止錄音錄影的商務會議流程能夠透明化,野火陣線希望禁止錄音錄影的校務會議流程能夠如何,一成仁化與生活化參透明化市現代化
楊子賢說從清大校慶時效有衝場抗議就已經關注事件發展他說好溝通以及學生會會長租學生配套措施的對程序正義的質疑野火陣線也反觀政大希望禁止錄音錄影的商務會議流程能夠透明化,政大野火陣線以及學生會會長朱彥程前往哪裡的抗議現場表達立場,1國防部2外交部3內政部4教育部
台北市文山區樟文裡11月5號早上舉辦用愛清境景美溪活動除了帶領理名言的精美西清淨環境以外今年另外增加愛心義賣活動義賣所得將用於照顧獨居老人很弱勢家庭活動中許多民眾讓孩子一起戴上手套撿拾垃圾參與李明王淑貞說,台北市文山區樟文裡在什麼時候舉辦用愛清境景美溪活動,1 11月5號早上21點號晚上30 1月8號早上四十一月二十五號早上
台北市文山區樟文裡11月5號早上舉辦用愛清境景美溪活動除了帶領理名言的精美西清淨環境以外今年另外增加愛心義賣活動義賣所得將用於照顧獨居老人很弱勢家庭活動中許多民眾讓孩子一起戴上手套撿拾垃圾參與李明王淑貞說,今年另外增加了什麼樣的活動,一環保衛生2愛心義賣3兄友弟恭是愛心餅乾
匯流與者表示要面帶到你們在家裡面的不要亂丟垃圾啊他們都認為愛護環境是一種習慣需要從小養成樟文里里長林淑珠說明噴到終點站到輔大家有哪些環保資源節流的一些概念或者是福利大家怎麼去做資源回收好或是大家去認識我們給美食解生態未來每年人會持續舉辦淨溪活動希望可以集結大家的力量來保護生態環境也提升生活品質,樟文里里長是誰,一林佳龍二林森北山林淑珠林淑美
匯流與者表示要面帶到你們在家裡面的不要亂丟垃圾啊他們都認為愛護環境是一種習慣需要從小養成樟文里里長林淑珠說明噴到終點站到輔大家有哪些環保資源節流的一些概念或者是福利大家怎麼去做資源回收好或是大家去認識我們給美食解生態未來每年人會持續舉辦淨溪活動希望可以集結大家的力量來保護生態環境也提升生活品質,遺留與認為愛護環境是一種習慣需要如何養車,1從生活中養成2從家庭養成三重學校養成是從小養成
永安藝文館表演36房主辦的2016文山草地音樂會如何下午在景文高中正對面炒的正式引爆音樂會不僅結合擊鼓演出在的學生表演以及社區聯合演出等國園表演藝術節目拍攝有在地理名及文山區相關單位發祥地攤位光復民眾的藝文饗宴音樂會為例年文山藝術紀的重頭戲永安藝文館表演36坊官長王騰重說明,2016文山草地音樂會在哪間學校正前面草地舉行,1景文高中2景美女中三井西高中市政治大學
永安藝文館表演36房主辦的2016文山草地音樂會如何下午在景文高中正對面炒的正式引爆音樂會不僅結合擊鼓演出在的學生表演以及社區聯合演出等國園表演藝術節目拍攝有在地理名及文山區相關單位發祥地攤位光復民眾的藝文饗宴音樂會為例年文山藝術紀的重頭戲永安藝文館表演36坊官長王騰重說明,永安藝文館表演36房館長是誰,王羲之二王騰從三王騰龍4王嘉爾
因此除了文化藝術表演也提供平台讓載的重要成員擺設攤位呈現自己持齋的李明與文山藝術季節鬼現場觀眾成10對音樂會發表正面評價,現場觀眾陳怡伶對音樂會發表怎麼樣的評價,一負面二反面三正面是垂直面
因此除了文化藝術表演也提供平台讓載的重要成員擺設攤位呈現自己持齋的李明與文山藝術季節鬼現場觀眾成10對音樂會發表正面評價,本次音樂會做為什麼樣的契機,民眾我在家2政府大採購單民眾撿便宜是民眾踏出戶外
景美地區因為景美溪而發展迅速隨著時代的發展經歷的各種心衰中華民國景觀學會榮譽理事長劉柏宏表示希望透過活動讓知名深入了解經妹也重新活化景美商圈,景美地區因哪一條溪而發展迅速,一景美溪大漢溪三卓水溪曾文溪
景美地區因為景美溪而發展迅速隨著時代的發展經歷的各種心衰中華民國景觀學會榮譽理事長劉柏宏表示希望透過活動讓知名深入了解經妹也重新活化景美商圈,請問中華民國景觀學會榮譽理事長是誰,王力宏劉柏宏劉柏柏林柏宏
文山社區大學所舉辦的公民素養週包客一系列講座和戶外導覽活動其中包含了環境永續生態保育與社區參與公共議題與人文素養的面向文山社大社區經理人李佳瑩對此表示讓大家可以去正視自己的文化的價值過這些活動讓民眾可以從各個不同的角度去深入了解自己的家鄉,請問公民素養週活動的面向不包含下列哪一項,一環境永續生態保育三媒體識讀四社區參與
文山社區大學所舉辦的公民素養週包客一系列講座和戶外導覽活動其中包含了環境永續生態保育與社區參與公共議題與人文素養的面向文山社大社區經理人李佳瑩對此表示讓大家可以去正視自己的文化的價值過這些活動讓民眾可以從各個不同的角度去深入了解自己的家鄉,透過活動民眾可以更加了解什麼,一全球局勢與樂消息3股票的走向是自己的家鄉
國立政治大學包種茶節熱鬧展開交處統計今年的包種茶節吸引全台超過3000名高中生參與就是教務處還設置了互動遊戲只要到攤位相機買5個新手印章就可以兌換紀念品讓高中生能更深入了解自己有興趣的科系之下載於企管系的桃園中壢高中學生元祖豪廳為學長姐對於企管系介紹他分享,這是教務處設計的互動遊戲需要到攤位上吃滿5個什麼東西,1擁抱2印章3000明寺貼紙
國立政治大學包種茶節熱鬧展開交處統計今年的包種茶節吸引全台超過3000名高中生參與就是教務處還設置了互動遊戲只要到攤位相機買5個新手印章就可以兌換紀念品讓高中生能更深入了解自己有興趣的科系之下載於企管系的桃園中壢高中學生元祖豪廳為學長姐對於企管系介紹他分享,中壢高中學生援組好聽了學長姐對於哪個細的介紹,一企管系二政治系三風管系地政系
面對未來的升學壓力教務長餘乃明勉勵高中生但是我們還是要用這個,教務長的名字是什麼,女文文2徐乃明山芋奶名是徐乃麟
面對未來的升學壓力教務長餘乃明勉勵高中生但是我們還是要用這個,教務長透過範瑋琪的哪一首歌鼓勵高中生勇敢追夢,一勇敢二可不可以不勇敢3最後的夢想是最初的夢想
沒到的雙週六新店中華裡的黎明便會提著大包小包的回收物參與里內的黃金資源回收站計畫中華麗執行這個計劃有5年之久成效斐然新北市環境保護局循環資源可可遠林俊穎說明代每次破袋檢查垃圾袋內容物後發現,環保局自民國幾年開始委託各裡協助推動黃金資收站計畫,一107 2 109 110
沒到的雙週六新店中華裡的黎明便會提著大包小包的回收物參與里內的黃金資源回收站計畫中華麗執行這個計劃有5年之久成效斐然新北市環境保護局循環資源可可遠林俊穎說明代每次破袋檢查垃圾袋內容物後發現,林俊穎說明每次破袋檢查垃圾袋內容物後發現這些垃圾包裡還有大約多少的物質是屬於資源回收,15分之1 2 4分之13一半是全部
計畫支出變加入回收行列的中華里里長邱湘玲表示黎明透過妥善回收收集點數便能兌換環保局提供的專用垃圾袋環保局也會將變賣回收物而得的資金回饋給李明星,中華里里長的名字是,一丘陵02秋香林三秋香香是邱澤
計畫支出變加入回收行列的中華里里長邱湘玲表示黎明透過妥善回收收集點數便能兌換環保局提供的專用垃圾袋環保局也會將變賣回收物而得的資金回饋給李明星,李明透過妥善回收收集點數可以跟環保局兌換什麼,好寶寶印章2東京來回機票3什麼都不能兌換市專用垃圾袋與清潔用品
文山社區大學舉辦公民週一起變好的生活以多長講座及影片播映從環境永續生態保育社區議題等層面探討公共事務期是人們能一起讓生活變好昨天晚上在景美國中舉辦的公共論壇是一場水定都市更新地點地公聽會現場有文山區公所代表萬和里福興裡興安里等裡長透過簡報與問答與在地理明溝通期望能打造理想中的新社區,公民週一起變好的生活是有哪個單位舉辦的,一史丹佛大學東方哈佛大學三政治大學日文山社區大學
文山社區大學舉辦公民週一起變好的生活以多長講座及影片播映從環境永續生態保育社區議題等層面探討公共事務期是人們能一起讓生活變好昨天晚上在景美國中舉辦的公共論壇是一場水定都市更新地點地公聽會現場有文山區公所代表萬和里福興裡興安里等裡長透過簡報與問答與在地理明溝通期望能打造理想中的新社區,昨天晚上的公共論壇在哪裡舉辦,1政大附中木柵高工景美國中景美女中
參與民眾禮卷太先生說明其他地方也是有這種文化再造或是社區營造可是常常進來的單位他沒有跟在地的人做好溝通目前即將實行的更新案與投票前三名結果並不相符石文山社大人會持續努力為心目中的美好家園繼續努力,參與民眾禮卷泰先生說明進來的單位沒有做好的部分是什麼,一消費200統三人力配置是財政分配
參與民眾禮卷太先生說明其他地方也是有這種文化再造或是社區營造可是常常進來的單位他沒有跟在地的人做好溝通目前即將實行的更新案與投票前三名結果並不相符石文山社大人會持續努力為心目中的美好家園繼續努力,目前即將實行的更新案與投票前三名結果相符嗎,一不相符二相符三文章中看不出來是投票尚未結束
台北市文山區指南里裡長張家男在10月26號的事長與裡長市政座談會上提出山區保甲路和記有傷口修復問題希望政府協助處理土地同意書難以取得時所造成的施工困難張嘉南表示如果只是對原有三句進行修復希望政府無論的主同意與否都能直接進行工程,文中提及的市長與裡長市政座談會在哪一天舉辦,一10月26號20月27號30月28號40月29號
台北市文山區指南里裡長張家男在10月26號的事長與裡長市政座談會上提出山區保甲路和記有傷口修復問題希望政府協助處理土地同意書難以取得時所造成的施工困難張嘉南表示如果只是對原有三句進行修復希望政府無論的主同意與否都能直接進行工程,裡長希望政府協助處理什麼東西難以取得的問題,放棄急救同意書離婚協議書三土地同意書是結婚證書
